time,step-size,{body}.body.encoder_left_output,{body}.body.encoder_right_output,{body}.body.robot_theta,{body}.body.robot_x,{body}.body.robot_y,{body}.body.robot_z,{controller}.controller.servoLeftVal,{controller}.controller.servoRightVal,{sensor}.sensor1.lf_1_sensor_fail_flag,{sensor}.sensor1.lf_1_sensor_position_x,{sensor}.sensor1.lf_1_sensor_position_y,{sensor}.sensor1.lf_1_sensor_reading,{sensor}.sensor2.lf_1_sensor_fail_flag,{sensor}.sensor2.lf_1_sensor_position_x,{sensor}.sensor2.lf_1_sensor_position_y,{sensor}.sensor2.lf_1_sensor_reading,{sensor}.sensor3.lf_1_sensor_fail_flag,{sensor}.sensor3.lf_1_sensor_position_x,{sensor}.sensor3.lf_1_sensor_position_y,{sensor}.sensor3.lf_1_sensor_reading,{sensor}.sensor4.lf_1_sensor_fail_flag,{sensor}.sensor4.lf_1_sensor_position_x,{sensor}.sensor4.lf_1_sensor_position_y,{sensor}.sensor4.lf_1_sensor_reading,{sensor}.sensor5.lf_1_sensor_fail_flag,{sensor}.sensor5.lf_1_sensor_position_x,{sensor}.sensor5.lf_1_sensor_position_y,{sensor}.sensor5.lf_1_sensor_reading
0.0,0.0,0.0,0.0,0.785,0.0,0.0,0.0,0.0,0.0,false,-0.02,0.065,1.0000000000000002,false,-0.01,0.065,0.0,false,0.0,0.065,0.0,false,0.01,0.065,1.0000000000000002,false,0.02,0.065,1.0000000000000002
0.01,0.01,0.0,0.0,0.785,0.0,0.0,0.0,0.0,0.0,false,-0.060091402155192784,0.03184373387376067,144.00000000000003,false,-0.05301751946352079,0.038911985684814326,142.00000000000003,false,-0.04594363677184879,0.045980237495867986,144.00000000000003,false,-0.03886975408017679,0.053048489306921645,142.00000000000003,false,-0.031795871388504794,0.060116741117975304,144.00000000000003
0.02,0.01,0.0,0.0,0.785,0.0,0.0,0.0,0.8,-0.8,false,-0.060091402155192784,0.03184373387376067,206.00000000000006,false,-0.05301751946352079,0.038911985684814326,206.00000000000006,false,-0.04594363677184879,0.045980237495867986,206.00000000000006,false,-0.03886975408017679,0.053048489306921645,207.00000000000006,false,-0.031795871388504794,0.060116741117975304,207.00000000000006
0.03,0.01,0.0,0.0,0.785,-2.34747709265805E-4,2.3493471962729738E-4,0.0,0.0,0.0,false,-0.060091402155192784,0.03184373387376067,234.00000000000006,false,-0.05301751946352079,0.038911985684814326,233.00000000000006,false,-0.04594363677184879,0.045980237495867986,234.00000000000006,false,-0.03886975408017679,0.053048489306921645,233.00000000000006,false,-0.031795871388504794,0.060116741117975304,233.00000000000006
0.04,0.01,0.0,0.0,0.785,-4.112002045151392E-4,4.1152778470381323E-4,0.0,0.0,0.0,false,-0.06032614986445859,0.03207866859338796,246.00000000000006,false,-0.053252267172786596,0.03914692040444162,246.00000000000006,false,-0.046178384481114595,0.04621517221549528,246.00000000000006,false,-0.039104501789442594,0.05328342402654894,245.00000000000006,false,-0.0320306190977706,0.0603516758376026,246.00000000000006
0.05,0.01,0.0,0.0,0.785,-5.242121448503256E-4,5.246297553267548E-4,0.0,0.0,0.0,false,-0.060502602359707926,0.03225526165846448,251.00000000000006,false,-0.05342871966803593,0.03932351346951814,251.00000000000006,false,-0.04635483697636393,0.046391765280571796,251.00000000000006,false,-0.03928095428469193,0.053460017091625456,251.00000000000006,false,-0.032207071593019936,0.060528268902679115,250.00000000000006
0.060000000000000005,0.01,0.0,0.0,0.785,-6.14525243147168E-4,6.150148010143208E-4,0.0,0.0,0.0,false,-0.06061561430004311,0.032368363629087425,254.00000000000006,false,-0.05354173160837111,0.039436615440141085,254.00000000000006,false,-0.04646784891669911,0.046504867251194744,254.00000000000006,false,-0.03939396622502711,0.0535731190622484,254.00000000000006,false,-0.032320083533355116,0.06064137087330206,254.00000000000006
0.07,0.01,0.0,0.0,0.785,-6.867011205239831E-4,6.872481768730657E-4,0.0,0.0,0.0,false,-0.06070592739833995,0.03245874867477499,253.00000000000006,false,-0.05363204470666796,0.03952700048582865,254.00000000000006,false,-0.046558162014995956,0.04659525229688231,254.00000000000006,false,-0.039484279323323955,0.053663504107935966,254.00000000000006,false,-0.03241039663165196,0.060731755918989626,254.00000000000006
0.08,0.01,0.0,0.0,0.785,-7.44382203223382E-4,7.449752108627268E-4,0.0,0.0,0.0,false,-0.06077810327571677,0.03253098205063373,254.00000000000006,false,-0.053704220584044775,0.03959923386168739,255.00000000000006,false,-0.046630337892372774,0.04666748567274105,254.00000000000006,false,-0.03955645520070077,0.05373573748379471,254.00000000000006,false,-0.03248257250902878,0.06080398929484837,255.00000000000006
0.09,0.01,0.0,0.0,0.785,-7.904794232683101E-4,7.911091539828718E-4,0.0,0.0,0.0,false,-0.06083578435841617,0.03258870908462339,254.00000000000006,false,-0.053761901666744175,0.03965696089567705,254.00000000000006,false,-0.046688018975072174,0.04672521270673071,254.00000000000006,false,-0.03961413628340017,0.05379346451778437,254.00000000000006,false,-0.03254025359172818,0.06086171632883803,254.00000000000006
0.09999999999999999,0.01,0.0,0.0,0.785,-8.27319121769543E-4,8.279782006100374E-4,0.0,0.0,0.0,false,-0.0608818815784611,0.03263484302774354,254.00000000000006,false,-0.0538079988867891,0.0397030948387972,254.00000000000006,false,-0.0467341161951171,0.04677134664985086,254.00000000000006,false,-0.0396602335034451,0.05383959846090452,255.00000000000006,false,-0.03258635081177311,0.06090785027195818,255.00000000000006
0.10999999999999999,0.01,0.0,0.0,0.785,-8.567604499958219E-4,8.57442983094727E-4,0.0,0.0,0.0,false,-0.06091872127696233,0.0326717120743707,254.00000000000006,false,-0.053844838585290336,0.03973996388542436,254.00000000000006,false,-0.046770955893618335,0.04680821569647802,254.00000000000006,false,-0.039697073201946334,0.05387646750753168,254.00000000000006,false,-0.03262319051027434,0.06094471931858534,254.00000000000006
0.11999999999999998,0.01,0.0,0.0,0.785,-8.802891932535463E-4,8.809904703853363E-4,0.0,0.0,0.0,false,-0.06094816260518861,0.03270117685685539,254.00000000000006,false,-0.053874279913516614,0.03976942866790905,254.00000000000006,false,-0.04680039722184461,0.04683768047896271,254.00000000000006,false,-0.03972651453017261,0.05390593229001637,254.00000000000006,false,-0.03265263183850062,0.06097418410107003,254.00000000000006
0.12999999999999998,0.01,0.0,0.0,0.785,-8.990927524894979E-4,8.998090093645237E-4,0.0,0.0,0.0,false,-0.06097169134844633,0.032724724344146,254.00000000000006,false,-0.053897808656774335,0.03979297615519966,254.00000000000006,false,-0.046823925965102334,0.04686122796625332,254.00000000000006,false,-0.03975004327343033,0.05392947977730698,254.00000000000006,false,-0.03267616058175834,0.06099773158836064,254.00000000000006
0.13999999999999999,0.01,0.0,0.0,0.785,-9.141200676362109E-4,9.148482959321577E-4,0.0,0.0,0.0,false,-0.06099049490768228,0.03274354288312519,255.00000000000006,false,-0.05391661221601029,0.03981179469417885,255.00000000000006,false,-0.04684272952433829,0.04688004650523251,254.00000000000006,false,-0.03976884683266629,0.05394829831628617,254.00000000000006,false,-0.03269496414099429,0.06101655012733983,254.00000000000006
0.15,0.01,0.0,0.0,0.785,-9.2612950678999E-4,9.268673023339599E-4,0.0,0.0,0.0,false,-0.061005522222829,0.032758582169692824,254.00000000000006,false,-0.053931639531157004,0.03982683398074648,254.00000000000006,false,-0.046857756839485,0.04689508579180014,254.00000000000006,false,-0.039783874147813,0.0539633376028538,254.00000000000006,false,-0.03270999145614101,0.06103158941390746,254.00000000000006
0.16,0.01,0.0,0.0,0.785,-9.357271379955792E-4,9.364725794351656E-4,0.0,0.0,0.0,false,-0.061017531661982774,0.03277060117609463,254.00000000000006,false,-0.05394364897031078,0.03983885298714829,254.00000000000006,false,-0.04686976627863878,0.04690710479820195,254.00000000000006,false,-0.03979588358696678,0.053975356609255606,255.00000000000006,false,-0.032722000895294784,0.061043608420309266,254.00000000000006
0.17,0.01,0.0,0.0,0.785,-9.433973150603852E-4,9.441488669007506E-4,0.0,0.0,0.0,false,-0.06102712929318836,0.032780206453195834,254.00000000000006,false,-0.05395324660151637,0.039848458264249494,254.00000000000006,false,-0.04687936390984437,0.04691671007530315,255.00000000000006,false,-0.039805481218172366,0.05398496188635681,254.00000000000006,false,-0.03273159852650037,0.06105321369741047,254.00000000000006
0.18000000000000002,0.01,0.0,0.0,0.785,-9.495271209411549E-4,9.502835560547892E-4,0.0,0.0,0.0,false,-0.06103479947025317,0.03278788274066142,254.00000000000006,false,-0.053960916778581176,0.03985613455171508,255.00000000000006,false,-0.046887034086909175,0.04692438636276874,254.00000000000006,false,-0.039813151395237174,0.053992638173822396,254.00000000000006,false,-0.03273926870356518,0.061060889984876056,254.00000000000006
0.19000000000000003,0.01,0.0,0.0,0.785,-9.544259022624263E-4,9.551862399609618E-4,0.0,0.0,0.0,false,-0.061040929276133936,0.032794017429815456,254.00000000000006,false,-0.05396704658446194,0.039862269240869115,255.00000000000006,false,-0.04689316389278994,0.046930521051922774,254.00000000000006,false,-0.03981928120111794,0.053998772862976434,254.00000000000006,false,-0.032745398509445946,0.06106702467403009,254.00000000000006
0.20000000000000004,0.01,0.0,0.0,0.785,-9.58340880795258E-4,9.59104337338075E-4,0.0,0.0,0.0,false,-0.06104582805745521,0.03279892011372163,255.00000000000006,false,-0.05397194536578322,0.03986717192477529,254.00000000000006,false,-0.046898062674111216,0.04693542373582895,254.00000000000006,false,-0.039824179982439215,0.05400367554688261,254.00000000000006,false,-0.03275029729076722,0.06107192735793627,254.00000000000006
0.21000000000000005,0.01,0.0,0.0,0.785,-9.61469629744712E-4,9.622355787867056E-4,0.0,0.0,0.0,false,-0.06104974303598804,0.032802838211098743,254.00000000000006,false,-0.05397586034431605,0.0398710900221524,254.00000000000006,false,-0.04690197765264405,0.04693934183320606,254.00000000000006,false,-0.039828094960972046,0.05400759364425972,255.00000000000006,false,-0.03275421226930005,0.06107584545531338,254.00000000000006
0.22000000000000006,0.01,0.0,0.0,0.785,-9.639700444740945E-4,9.647379854565588E-4,0.0,0.0,0.0,false,-0.0610528717849375,0.03280596945254737,254.00000000000006,false,-0.053978989093265504,0.03987422126360103,254.00000000000006,false,-0.046905106401593503,0.04694247307465469,254.00000000000006,false,-0.0398312237099215,0.05401072488570835,255.00000000000006,false,-0.03275734101824951,0.06107897669676201,254.00000000000006
0.23000000000000007,0.01,0.0,0.0,0.785,-9.659683108482645E-4,9.667378437377092E-4,0.0,0.0,0.0,false,-0.06105537219966688,0.032808471859217224,254.00000000000006,false,-0.05398148950799488,0.03987672367027088,254.00000000000006,false,-0.04690760681632288,0.04694497548132454,254.00000000000006,false,-0.03983372412465088,0.0540132272923782,254.00000000000006,false,-0.03275984143297889,0.06108147910343186,254.00000000000006
0.24000000000000007,0.01,0.0,0.0,0.785,-9.67565273326215E-4,9.683360784262864E-4,0.0,0.0,0.0,false,-0.061057370466041046,0.032810471717498374,254.00000000000006,false,-0.05398348777436905,0.03987872352855203,254.00000000000006,false,-0.04690960508269705,0.04694697533960569,254.00000000000006,false,-0.03983572239102505,0.05401522715065935,255.00000000000006,false,-0.032761839699353056,0.06108347896171301,254.00000000000006
0.25000000000000006,0.01,0.0,0.0,0.785,-9.688415241749243E-4,9.696133459926171E-4,0.0,0.0,0.0,false,-0.061058967428519,0.032812069952186954,254.00000000000006,false,-0.053985084736847,0.03988032176324061,254.00000000000006,false,-0.046911202045175,0.04694857357429427,254.00000000000006,false,-0.039837319353503,0.05401682538534793,254.00000000000006,false,-0.03276343666183101,0.06108507719640159,254.00000000000006
0.26000000000000006,0.01,0.0,0.0,0.785,-9.698614706366106E-4,9.706341049885643E-4,0.0,0.0,0.0,false,-0.06106024367936771,0.032813347219753285,254.00000000000006,false,-0.053986360987695714,0.039881599030806944,255.00000000000006,false,-0.04691247829602371,0.0469498508418606,254.00000000000006,false,-0.03983859560435171,0.05401810265291426,254.00000000000006,false,-0.03276471291267972,0.06108635446396792,254.00000000000006
0.2700000000000001,0.01,0.0,0.0,0.785,-9.70676585302946E-4,9.714498690111337E-4,0.0,0.0,0.0,false,-0.06106126362582939,0.03281436797874923,254.00000000000006,false,-0.0539873809341574,0.03988261978980289,254.00000000000006,false,-0.0469134982424854,0.04695087160085655,254.00000000000006,false,-0.0398396155508134,0.05401912341191021,254.00000000000006,false,-0.0327657328591414,0.06108737522296387,255.00000000000006
0.2800000000000001,0.01,0.0,0.0,0.785,-9.713280037295336E-4,9.721018063863227E-4,0.0,0.0,0.0,false,-0.06106207874049573,0.0328151837427718,255.00000000000006,false,-0.05398819604882374,0.03988343555382546,255.00000000000006,false,-0.04691431335715174,0.04695168736487912,254.00000000000006,false,-0.03984043066547974,0.05401993917593278,254.00000000000006,false,-0.03276654797380774,0.06108819098698644,254.00000000000006
0.2900000000000001,0.01,0.0,0.0,0.785,-9.718486003817886E-4,9.726228177687934E-4,0.0,0.0,0.0,false,-0.061062730158922315,0.03281583568014699,255.00000000000006,false,-0.05398884746725032,0.03988408749120065,254.00000000000006,false,-0.04691496477557832,0.04695233930225431,254.00000000000006,false,-0.03984108208390632,0.05402059111330797,254.00000000000006,false,-0.032767199392234325,0.061088842924361626,255.00000000000006
0.3000000000000001,0.01,0.0,0.0,0.785,-9.722646476768558E-4,9.730391965054551E-4,0.0,0.0,0.0,false,-0.061063250755574575,0.032816356691529464,254.00000000000006,false,-0.05398936806390258,0.03988460850258312,254.00000000000006,false,-0.04691548537223058,0.04695286031363678,254.00000000000006,false,-0.03984160268055858,0.05402111212469044,254.00000000000006,false,-0.032767719988886584,0.0610893639357441,254.00000000000006
0.3100000000000001,0.01,0.0,0.0,0.785,-9.725971418467341E-4,9.733719555548294E-4,0.0,0.0,0.0,false,-0.06106366680286964,0.03281677307026612,254.00000000000006,false,-0.05398978411119765,0.03988502488131978,254.00000000000006,false,-0.046915901419525646,0.04695327669237344,254.00000000000006,false,-0.039842018727853645,0.0540215285034271,255.00000000000006,false,-0.03276813603618165,0.06108978031448076,254.00000000000006
0.3200000000000001,0.01,0.0,0.0,0.785,-9.728628625335737E-4,9.736378879264683E-4,0.0,0.0,0.0,false,-0.06106399929703952,0.0328171058293155,255.00000000000006,false,-0.053990116605367525,0.03988535764036916,254.00000000000006,false,-0.046916233913695524,0.046953609451422816,255.00000000000006,false,-0.03984235122202352,0.054021861262476475,254.00000000000006,false,-0.03276846853035153,0.061090113073530135,254.00000000000006
0.3300000000000001,0.01,0.0,0.0,0.785,-9.730752195906623E-4,9.738504141565391E-4,0.0,0.0,0.0,false,-0.061064265017726355,0.032817371761687135,254.00000000000006,false,-0.05399038232605436,0.039885623572740794,254.00000000000006,false,-0.04691649963438236,0.046953875383794454,255.00000000000006,false,-0.03984261694271036,0.05402212719484811,254.00000000000006,false,-0.032768734251038364,0.06109037900590177,254.00000000000006
0.34000000000000014,0.01,0.0,0.0,0.785,-9.732449298237335E-4,9.740202595882545E-4,0.0,0.0,0.0,false,-0.061064477374783446,0.03281758428791721,254.00000000000006,false,-0.05399059468311145,0.03988583609897087,254.00000000000006,false,-0.04691671199143945,0.046954087910024526,254.00000000000006,false,-0.03984282929976745,0.054022339721078186,254.00000000000006,false,-0.032768946608095456,0.061090591532131845,254.00000000000006
0.35000000000000014,0.01,0.0,0.0,0.785,-9.73380557825006E-4,9.741559956367646E-4,0.0,0.0,0.0,false,-0.06106464708501652,0.03281775413334892,254.00000000000006,false,-0.05399076439334452,0.03988600594440258,255.00000000000006,false,-0.04691688170167252,0.04695425775545624,254.00000000000006,false,-0.03984299901000052,0.0540225095665099,254.00000000000006,false,-0.03276911631832853,0.06109076137756356,254.00000000000006
0.36000000000000015,0.01,0.0,0.0,0.785,-9.734889481936733E-4,9.74264472353972E-4,0.0,0.0,0.0,false,-0.06106478271301779,0.03281788986939743,254.00000000000006,false,-0.053990900021345795,0.03988614168045109,254.00000000000006,false,-0.046917017329673794,0.04695439349150475,254.00000000000006,false,-0.03984313463800179,0.05402264530255841,255.00000000000006,false,-0.0327692519463298,0.06109089711361207,255.00000000000006
0.37000000000000016,0.01,0.0,0.0,0.785,-9.735755709552682E-4,9.74351164123073E-4,0.0,0.0,0.0,false,-0.061064891103386455,0.03281799834611464,254.00000000000006,false,-0.05399100841171446,0.0398862501571683,254.00000000000006,false,-0.04691712572004246,0.04695450196822196,254.00000000000006,false,-0.03984324302837046,0.054022753779275616,255.00000000000006,false,-0.032769360336698465,0.061091005590329275,254.00000000000006
0.38000000000000017,0.01,0.0,0.0,0.785,-9.736447976118298E-4,9.744204459286374E-4,0.0,0.0,0.0,false,-0.06106497772614805,0.03281808503788374,255.00000000000006,false,-0.05399109503447606,0.0398863368489374,254.00000000000006,false,-0.046917212342804056,0.04695458865999106,254.00000000000006,false,-0.039843329651132055,0.05402284047104472,254.00000000000006,false,-0.03276944695946006,0.06109109228209838,254.00000000000006
0.3900000000000002,0.01,0.0,0.0,0.785,-9.737001217540122E-4,9.744758141444675E-4,0.0,0.0,0.0,false,-0.06106504695280461,0.032818154319689305,255.00000000000006,false,-0.05399116426113262,0.039886406130742964,254.00000000000006,false,-0.046917281569460616,0.046954657941796624,255.00000000000006,false,-0.039843398877788615,0.05402290975285028,254.00000000000006,false,-0.03276951618611662,0.06109116156390394,254.00000000000006
0.4000000000000002,0.01,0.0,0.0,0.785,-9.737443353685394E-4,9.745200629815067E-4,0.0,0.0,0.0,false,-0.061065102276946795,0.03281820968790514,254.00000000000006,false,-0.0539912195852748,0.039886461498958796,255.00000000000006,false,-0.0469173368936028,0.046954713310012455,255.00000000000006,false,-0.0398434542019308,0.054022965121066115,254.00000000000006,false,-0.032769571510258805,0.061091216932119774,254.00000000000006
0.4100000000000002,0.01,0.0,0.0,0.785,-9.737796697385347E-4,9.745554255004171E-4,0.0,0.0,0.0,false,-0.06106514649056132,0.032818253936742176,255.00000000000006,false,-0.05399126379888933,0.039886505747795835,254.00000000000006,false,-0.046917381107217326,0.046954757558849494,254.00000000000006,false,-0.039843498415545325,0.054023009369903154,254.00000000000006,false,-0.03276961572387333,0.06109126118095681,254.00000000000006
0.4200000000000002,0.01,0.0,0.0,0.785,-9.73807908047398E-4,9.745836863051605E-4,0.0,0.0,0.0,false,-0.06106518182493132,0.03281828929926108,254.00000000000006,false,-0.05399129913325933,0.03988654111031474,254.00000000000006,false,-0.046917416441587326,0.0469547929213684,254.00000000000006,false,-0.039843533749915325,0.05402304473242206,254.00000000000006,false,-0.03276965105824333,0.06109129654347572,254.00000000000006
0.4300000000000002,0.01,0.0,0.0,0.785,-9.738304753688915E-4,9.746062716047759E-4,0.0,0.0,0.0,false,-0.061065210063240186,0.03281831756006583,254.00000000000006,false,-0.05399132737156819,0.039886569371119486,254.00000000000006,false,-0.04691744467989619,0.046954821182173145,254.00000000000006,false,-0.03984356198822419,0.054023072993226805,254.00000000000006,false,-0.032769679296552195,0.061091324804280464,255.00000000000006
0.4400000000000002,0.01,0.0,0.0,0.785,-9.738485105848761E-4,9.746243211884076E-4,0.0,0.0,0.0,false,-0.061065232630561676,0.03281834014536544,255.00000000000006,false,-0.05399134993888968,0.0398865919564191,254.00000000000006,false,-0.04691746724721768,0.04695484376747276,255.00000000000006,false,-0.03984358455554568,0.05402309557852642,255.00000000000006,false,-0.032769701863873686,0.06109134738958008,254.00000000000006
0.45000000000000023,0.01,0.0,0.0,0.785,-9.738629238600939E-4,9.746387459458748E-4,0.0,0.0,0.0,false,-0.061065250665777664,0.03281835819494908,254.00000000000006,false,-0.05399136797410567,0.039886610006002736,254.00000000000006,false,-0.04691748528243367,0.046954861817056395,254.00000000000006,false,-0.03984360259076167,0.054023113628110055,254.00000000000006,false,-0.032769719899089673,0.061091365439163714,254.00000000000006
0.46000000000000024,0.01,0.0,0.0,0.785,-9.738744425745178E-4,9.746502738366137E-4,0.0,0.0,0.0,false,-0.061065265079052876,0.03281837261970654,254.00000000000006,false,-0.05399138238738088,0.0398866244307602,255.00000000000006,false,-0.04691749969570888,0.04695487624181386,254.00000000000006,false,-0.03984361700403688,0.05402312805286752,254.00000000000006,false,-0.032769734312364886,0.06109137986392118,254.00000000000006
0.47000000000000025,0.01,0.0,0.0,0.785,-9.738836480312912E-4,9.746594866268593E-4,0.0,0.0,0.0,false,-0.0610652765977673,0.03281838414759728,254.00000000000006,false,-0.05399139390609531,0.03988663595865094,254.00000000000006,false,-0.04691751121442331,0.0469548877697046,254.00000000000006,false,-0.039843628522751307,0.05402313958075826,254.00000000000006,false,-0.03276974583107931,0.06109139139181192,255.00000000000006
0.48000000000000026,0.01,0.0,0.0,0.785,-9.738910047927569E-4,9.746668492490449E-4,0.0,0.0,0.0,false,-0.061065285803224074,0.03281839336038753,254.00000000000006,false,-0.05399140311155208,0.039886645171441186,254.00000000000006,false,-0.04691752041988008,0.046954896982494845,255.00000000000006,false,-0.03984363772820808,0.054023148793548505,255.00000000000006,false,-0.032769755036536084,0.061091400604602164,254.00000000000006
0.49000000000000027,0.01,0.0,0.0,0.785,-9.738968841250479E-4,9.746727332650707E-4,0.0,0.0,0.0,false,-0.06106529315998554,0.03281840072300971,254.00000000000006,false,-0.053991410468313544,0.03988665253406337,255.00000000000006,false,-0.04691752777664154,0.04695490434511703,255.00000000000006,false,-0.03984364508496954,0.05402315615617069,254.00000000000006,false,-0.03276976239329755,0.06109140796722435,254.00000000000006
0.5000000000000002,0.01,0.0,0.0,0.785,-9.739015827343954E-4,9.746774356175372E-4,0.0,0.0,0.0,false,-0.06106529903931783,0.03281840660702574,254.00000000000006,false,-0.053991416347645836,0.039886658418079396,254.00000000000006,false,-0.046917533655973835,0.046954910229133055,254.00000000000006,false,-0.039843650964301834,0.054023162040186715,254.00000000000006,false,-0.03276976827262984,0.061091413851240374,254.00000000000006
0.5100000000000002,0.01,0.0,0.0,0.785,-9.739053377406964E-4,9.746811936152417E-4,0.0,0.0,0.0,false,-0.06106530373792718,0.0328184113093782,254.00000000000006,false,-0.053991421046255185,0.03988666312043186,254.00000000000006,false,-0.046917538354583184,0.04695491493148552,254.00000000000006,false,-0.03984365566291118,0.05402316674253918,254.00000000000006,false,-0.03276977297123919,0.06109141855359284,254.00000000000006
0.5200000000000002,0.01,0.0,0.0,0.785,-9.739083386440017E-4,9.746841969091988E-4,0.0,0.0,0.0,false,-0.06106530749293348,0.03281841506737591,254.00000000000006,false,-0.053991424801261484,0.039886666878429566,255.00000000000006,false,-0.04691754210958948,0.046954918689483226,255.00000000000006,false,-0.03984365941791748,0.054023170500536885,254.00000000000006,false,-0.03276977672624549,0.061091422311590544,254.00000000000006
0.5300000000000002,0.01,0.0,0.0,0.785,-9.739107368878197E-4,9.746865970635635E-4,0.0,0.0,0.0,false,-0.06106531049383679,0.03281841807066987,254.00000000000006,false,-0.053991427802164794,0.03988666988172353,254.00000000000006,false,-0.046917545110492793,0.046954921692777186,254.00000000000006,false,-0.03984366241882079,0.054023173503830846,254.00000000000006,false,-0.0327697797271488,0.061091425314884505,254.00000000000006
0.5400000000000003,0.01,0.0,0.0,0.785,-9.739126535018608E-4,9.746885152044636E-4,0.0,0.0,0.0,false,-0.06106531289208061,0.03281842047082423,254.00000000000006,false,-0.05399143020040861,0.03988667228187789,254.00000000000006,false,-0.04691754750873661,0.046954924092931546,254.00000000000006,false,-0.03984366481706461,0.054023175903985206,254.00000000000006,false,-0.03276978212539262,0.061091427715038865,255.00000000000006
0.5500000000000003,0.01,0.0,0.0,0.785,-9.739141852099191E-4,9.746900481327481E-4,0.0,0.0,0.0,false,-0.06106531480869465,0.03281842238896513,254.00000000000006,false,-0.053991432117022654,0.03988667420001879,254.00000000000006,false,-0.04691754942535065,0.04695492601107245,255.00000000000006,false,-0.03984366673367865,0.05402317782212611,255.00000000000006,false,-0.03276978404200666,0.06109142963317977,254.00000000000006
0.5600000000000003,0.01,0.0,0.0,0.785,-9.739154093111341E-4,9.74691273209136E-4,0.0,0.0,0.0,false,-0.0610653163404027,0.032818423921893415,254.00000000000006,false,-0.053991433648730706,0.039886675732947074,254.00000000000006,false,-0.046917550957058705,0.046954927544000734,254.00000000000006,false,-0.039843668265386704,0.05402317935505439,254.00000000000006,false,-0.03276978557371471,0.06109143116610805,254.00000000000006
0.5700000000000003,0.01,0.0,0.0,0.785,-9.739163875809659E-4,9.746922522583004E-4,0.0,0.0,0.0,false,-0.06106531756450392,0.0328184251469698,255.00000000000006,false,-0.05399143487283192,0.03988667695802346,254.00000000000006,false,-0.04691755218115992,0.04695492876907712,255.00000000000006,false,-0.03984366948948792,0.05402318058013078,254.00000000000006,false,-0.03276978679781593,0.06109143239118444,255.00000000000006
0.5800000000000003,0.01,0.0,0.0,0.785,-9.739171693887543E-4,9.746930346889114E-4,0.0,0.0,0.0,false,-0.06106531854277375,0.03281842612601897,254.00000000000006,false,-0.053991435851101756,0.03988667793707263,255.00000000000006,false,-0.046917553159429755,0.04695492974812629,254.00000000000006,false,-0.039843670467757754,0.05402318155917995,254.00000000000006,false,-0.03276978777608576,0.06109143337023361,254.00000000000006
0.5900000000000003,0.01,0.0,0.0,0.785,-9.739177941891906E-4,9.746936599870916E-4,0.0,0.0,0.0,false,-0.061065319324581535,0.03281842690844958,254.00000000000006,false,-0.05399143663290955,0.03988667871950324,254.00000000000006,false,-0.04691755394123755,0.046954930530556896,255.00000000000006,false,-0.039843671249565546,0.054023182341610555,255.00000000000006,false,-0.032769788557893545,0.061091434152664215,254.00000000000006
0.6000000000000003,0.01,0.0,0.0,0.785,-9.739182935134382E-4,9.746941597091227E-4,0.0,0.0,0.0,false,-0.061065319949381976,0.03281842753374776,255.00000000000006,false,-0.05399143725770998,0.03988667934480142,255.00000000000006,false,-0.04691755456603798,0.04695493115585508,255.00000000000006,false,-0.03984367187436598,0.05402318296690874,255.00000000000006,false,-0.032769789182693985,0.061091434777962396,255.00000000000006
0.6100000000000003,0.01,0.0,0.0,0.785,-9.739186925603812E-4,9.746945590739641E-4,0.0,0.0,0.0,false,-0.061065320448706224,0.03281842803346979,254.00000000000006,false,-0.05399143775703423,0.03988667984452345,255.00000000000006,false,-0.04691755506536223,0.04695493165557711,254.00000000000006,false,-0.03984367237369023,0.05402318346663077,254.00000000000006,false,-0.032769789682018234,0.06109143527768443,255.00000000000006
0.6200000000000003,0.01,0.0,0.0,0.785,-9.739190114683119E-4,9.746948782359509E-4,0.0,0.0,0.0,false,-0.061065320847753166,0.03281842843283463,254.00000000000006,false,-0.05399143815608117,0.03988668024388829,255.00000000000006,false,-0.04691755546440917,0.04695493205494195,254.00000000000006,false,-0.03984367277273717,0.05402318386599561,254.00000000000006,false,-0.032769790081065175,0.06109143567704927,254.00000000000006
0.6300000000000003,0.01,0.0,0.0,0.785,-9.7391926633123E-4,9.74695133301904E-4,0.0,0.0,0.0,false,-0.06106532116666109,0.032818428751996614,254.00000000000006,false,-0.0539914384749891,0.03988668056305028,254.00000000000006,false,-0.0469175557833171,0.04695493237410393,255.00000000000006,false,-0.0398436730916451,0.0540231841851576,254.00000000000006,false,-0.0327697903999731,0.06109143599621125,254.00000000000006
0.6400000000000003,0.01,0.0,0.0,0.785,-9.739194700110411E-4,9.746953371439752E-4,0.0,0.0,0.0,false,-0.061065321421524016,0.03281842900706257,254.00000000000006,false,-0.05399143872985202,0.03988668081811623,254.00000000000006,false,-0.04691755603818002,0.04695493262916989,254.00000000000006,false,-0.03984367334650802,0.05402318444022355,255.00000000000006,false,-0.032769790654836026,0.061091436251277206,255.00000000000006
0.6500000000000004,0.01,0.0,0.0,0.785,-9.739196327866449E-4,9.746955000492532E-4,0.0,0.0,0.0,false,-0.061065321625203825,0.032818429210904644,254.00000000000006,false,-0.05399143893353183,0.0398866810219583,254.00000000000006,false,-0.04691755624185983,0.04695493283301196,255.00000000000006,false,-0.03984367355018783,0.05402318464406562,254.00000000000006,false,-0.032769790858515835,0.06109143645511928,254.00000000000006
0.6600000000000004,0.01,0.0,0.0,0.785,-9.739197628726709E-4,9.746956302389115E-4,0.0,0.0,0.0,false,-0.06106532178797943,0.032818429373809924,255.00000000000006,false,-0.053991439096307436,0.03988668118486358,254.00000000000006,false,-0.046917556404635435,0.04695493299591724,254.00000000000006,false,-0.039843673712963434,0.0540231848069709,254.00000000000006,false,-0.03276979102129144,0.06109143661802456,255.00000000000006
0.6700000000000004,0.01,0.0,0.0,0.785,-9.739198668340372E-4,9.74695734283098E-4,0.0,0.0,0.0,false,-0.061065321918065456,0.03281842950399958,254.00000000000006,false,-0.05399143922639346,0.03988668131505324,254.00000000000006,false,-0.04691755653472146,0.0469549331261069,254.00000000000006,false,-0.03984367384304946,0.05402318493716056,254.00000000000006,false,-0.032769791151377466,0.06109143674821422,254.00000000000006
0.6800000000000004,0.01,0.0,0.0,0.785,-9.739199499172554E-4,9.74695817432504E-4,0.0,0.0,0.0,false,-0.06106532202202682,0.032818429608043764,255.00000000000006,false,-0.05399143933035483,0.039886681419097424,254.00000000000006,false,-0.04691755663868283,0.04695493323015108,254.00000000000006,false,-0.03984367394701083,0.05402318504120474,254.00000000000006,false,-0.03276979125533883,0.0610914368522584,254.00000000000006
0.6900000000000004,0.01,0.0,0.0,0.785,-9.739200163152009E-4,9.74695883883345E-4,0.0,0.0,0.0,false,-0.06106532210511004,0.03281842969119317,254.00000000000006,false,-0.05399143941343804,0.03988668150224683,254.00000000000006,false,-0.04691755672176604,0.04695493331330049,255.00000000000006,false,-0.03984367403009404,0.054023185124354146,254.00000000000006,false,-0.03276979133842205,0.061091436935407806,254.00000000000006
0.7000000000000004,0.01,0.0,0.0,0.785,-9.73920069378711E-4,9.746959369891278E-4,0.0,0.0,0.0,false,-0.06106532217150799,0.03281842975764401,254.00000000000006,false,-0.05399143947983599,0.03988668156869767,254.00000000000006,false,-0.04691755678816399,0.04695493337975133,255.00000000000006,false,-0.03984367409649199,0.05402318519080499,255.00000000000006,false,-0.032769791404819996,0.06109143700185865,254.00000000000006
0.7100000000000004,0.01,0.0,0.0,0.785,-9.739201117856871E-4,9.746959794298872E-4,0.0,0.0,0.0,false,-0.0610653222245715,0.0328184298107498,254.00000000000006,false,-0.053991439532899504,0.039886681621803456,254.00000000000006,false,-0.046917556841227503,0.046954933432857116,255.00000000000006,false,-0.0398436741495555,0.054023185243910775,254.00000000000006,false,-0.03276979145788351,0.061091437054964434,254.00000000000006
0.7200000000000004,0.01,0.0,0.0,0.785,-9.739201456762385E-4,9.746960133474375E-4,0.0,0.0,0.0,false,-0.06106532226697847,0.032818429853190556,254.00000000000006,false,-0.05399143957530648,0.039886681664244215,255.00000000000006,false,-0.04691755688363448,0.046954933475297875,254.00000000000006,false,-0.039843674191962476,0.054023185286351534,254.00000000000006,false,-0.03276979150029048,0.06109143709740519,254.00000000000006
0.7300000000000004,0.01,0.0,0.0,0.785,-9.739201727606852E-4,9.74696040453461E-4,0.0,0.0,0.0,false,-0.06106532230086902,0.032818429887108105,254.00000000000006,false,-0.05399143960919703,0.039886681698161765,254.00000000000006,false,-0.04691755691752503,0.046954933509215424,254.00000000000006,false,-0.039843674225853026,0.05402318532026908,254.00000000000006,false,-0.03276979153418103,0.06109143713132274,255.00000000000006
0.7400000000000004,0.01,0.0,0.0,0.785,-9.739201944058702E-4,9.746960621158895E-4,0.0,0.0,0.0,false,-0.06106532232795347,0.03281842991421413,254.00000000000006,false,-0.053991439636281474,0.03988668172526779,254.00000000000006,false,-0.04691755694460947,0.04695493353632145,254.00000000000006,false,-0.03984367425293747,0.05402318534737511,254.00000000000006,false,-0.03276979156126548,0.06109143715842877,255.00000000000006
0.7500000000000004,0.01,0.0,0.0,0.785,-9.739202117041388E-4,9.746960794279386E-4,0.0,0.0,0.0,false,-0.061065322349598654,0.03281842993587656,255.00000000000006,false,-0.05399143965792666,0.03988668174693022,254.00000000000006,false,-0.04691755696625466,0.04695493355798388,255.00000000000006,false,-0.03984367427458266,0.05402318536903754,255.00000000000006,false,-0.032769791582910664,0.0610914371800912,255.00000000000006
0.7600000000000005,0.01,0.0,0.0,0.785,-9.739202255284647E-4,9.746960932632775E-4,0.0,0.0,0.0,false,-0.06106532236689692,0.03281842995318861,255.00000000000006,false,-0.05399143967522493,0.03988668176424227,254.00000000000006,false,-0.046917556983552926,0.046954933575295926,254.00000000000006,false,-0.039843674291880925,0.054023185386349586,255.00000000000006,false,-0.03276979160020893,0.061091437197403245,254.00000000000006
0.7700000000000005,0.01,0.0,0.0,0.785,-9.739202365765061E-4,9.746961043201204E-4,0.0,0.0,0.0,false,-0.06106532238072125,0.03281842996702394,254.00000000000006,false,-0.05399143968904926,0.0398866817780776,254.00000000000006,false,-0.046917556997377256,0.04695493358913126,255.00000000000006,false,-0.039843674305705255,0.05402318540018492,254.00000000000006,false,-0.03276979161403326,0.06109143721123858,254.00000000000006
0.7800000000000005,0.01,0.0,0.0,0.785,-9.739202454058135E-4,9.746961131564615E-4,0.0,0.0,0.0,false,-0.06106532239176929,0.032818429978080786,254.00000000000006,false,-0.053991439700097295,0.039886681789134446,254.00000000000006,false,-0.046917557008425294,0.046954933600188105,254.00000000000006,false,-0.03984367431675329,0.054023185411241764,255.00000000000006,false,-0.0327697916250813,0.061091437222295424,254.00000000000006
0.7900000000000005,0.01,0.0,0.0,0.785,-9.739202524619659E-4,9.746961202182353E-4,0.0,0.0,0.0,false,-0.0610653224005986,0.03281842998691713,254.00000000000006,false,-0.05399143970892661,0.03988668179797079,254.00000000000006,false,-0.046917557017254606,0.046954933609024446,254.00000000000006,false,-0.039843674325582605,0.054023185420078106,254.00000000000006,false,-0.03276979163391061,0.061091437231131765,254.00000000000006
0.8000000000000005,0.01,0.0,0.0,0.785,-9.739202581010595E-4,9.74696125861821E-4,0.0,0.0,0.0,false,-0.06106532240765475,0.0328184299939789,254.00000000000006,false,-0.053991439715982754,0.03988668180503256,254.00000000000006,false,-0.04691755702431075,0.04695493361608622,254.00000000000006,false,-0.03984367433263875,0.05402318542713988,254.00000000000006,false,-0.03276979164096676,0.06109143723819354,254.00000000000006
0.8100000000000005,0.01,0.0,0.0,0.785,-9.739202626076762E-4,9.746961303720279E-4,0.0,0.0,0.0,false,-0.06106532241329384,0.032818429999622485,254.00000000000006,false,-0.05399143972162185,0.039886681810676144,254.00000000000006,false,-0.04691755702994985,0.046954933621729804,255.00000000000006,false,-0.039843674338277846,0.05402318543278346,254.00000000000006,false,-0.03276979164660585,0.06109143724383712,254.00000000000006
0.8200000000000005,0.01,0.0,0.0,0.785,-9.73920266209247E-4,9.746961339764677E-4,0.0,0.0,0.0,false,-0.06106532241780046,0.0328184300041327,254.00000000000006,false,-0.053991439726128465,0.039886681815186356,254.00000000000006,false,-0.046917557034456464,0.046954933626240015,254.00000000000006,false,-0.03984367434278446,0.054023185437293675,254.00000000000006,false,-0.03276979165111247,0.061091437248347334,254.00000000000006
0.8300000000000005,0.01,0.0,0.0,0.785,-9.739202690875286E-4,9.746961368570423E-4,0.0,0.0,0.0,false,-0.06106532242140203,0.03281843000773713,255.00000000000006,false,-0.053991439729730036,0.03988668181879079,254.00000000000006,false,-0.046917557038058035,0.04695493362984445,254.00000000000006,false,-0.039843674346386034,0.05402318544089811,254.00000000000006,false,-0.03276979165471404,0.06109143725195177,254.00000000000006
0.8400000000000005,0.01,0.0,0.0,0.785,-9.739202713877764E-4,9.746961391591227E-4,0.0,0.0,0.0,false,-0.06106532242428031,0.03281843001061771,254.00000000000006,false,-0.053991439732608316,0.03988668182167137,254.00000000000006,false,-0.046917557040936315,0.04695493363272503,254.00000000000006,false,-0.039843674349264314,0.05402318544377869,254.00000000000006,false,-0.03276979165759232,0.06109143725483235,254.00000000000006
0.8500000000000005,0.01,0.0,0.0,0.785,-9.739202732260744E-4,9.746961409988854E-4,0.0,0.0,0.0,false,-0.06106532242658056,0.03281843001291979,254.00000000000006,false,-0.05399143973490857,0.03988668182397345,254.00000000000006,false,-0.046917557043236566,0.04695493363502711,254.00000000000006,false,-0.039843674351564565,0.05402318544608077,255.00000000000006,false,-0.03276979165989257,0.06109143725713443,255.00000000000006
0.8600000000000005,0.01,0.0,0.0,0.785,-9.739202746951945E-4,9.746961424691757E-4,0.0,0.0,0.0,false,-0.06106532242841886,0.03281843001475955,254.00000000000006,false,-0.05399143973674687,0.03988668182581321,254.00000000000006,false,-0.046917557045074866,0.04695493363686687,254.00000000000006,false,-0.039843674353402865,0.05402318544792053,254.00000000000006,false,-0.03276979166173087,0.06109143725897419,254.00000000000006
0.8700000000000006,0.01,0.0,0.0,0.785,-9.73920275869277E-4,9.746961436441935E-4,0.0,0.0,0.0,false,-0.06106532242988798,0.03281843001622984,254.00000000000006,false,-0.053991439738215984,0.0398866818272835,254.00000000000006,false,-0.04691755704654398,0.04695493363833716,255.00000000000006,false,-0.03984367435487198,0.05402318544939082,254.00000000000006,false,-0.03276979166319999,0.06109143726044448,255.00000000000006
0.8800000000000006,0.01,0.0,0.0,0.785,-9.739202768075734E-4,9.74696144583237E-4,0.0,0.0,0.0,false,-0.06106532243106206,0.03281843001740486,254.00000000000006,false,-0.053991439739390065,0.03988668182845852,254.00000000000006,false,-0.046917557047718064,0.04695493363951218,255.00000000000006,false,-0.03984367435604606,0.054023185450565836,254.00000000000006,false,-0.03276979166437407,0.061091437261619495,254.00000000000006
0.8900000000000006,0.01,0.0,0.0,0.785,-9.739202775574352E-4,9.746961453336963E-4,0.0,0.0,0.0,false,-0.06106532243200036,0.032818430018343905,255.00000000000006,false,-0.05399143974032836,0.039886681829397565,255.00000000000006,false,-0.04691755704865636,0.046954933640451224,254.00000000000006,false,-0.03984367435698436,0.05402318545150488,254.00000000000006,false,-0.03276979166531237,0.06109143726255854,254.00000000000006
0.9000000000000006,0.01,0.0,0.0,0.785,-9.739202781567052E-4,9.746961459334438E-4,0.0,0.0,0.0,false,-0.06106532243275022,0.03281843001909436,255.00000000000006,false,-0.05399143974107823,0.03988668183014802,254.00000000000006,false,-0.04691755704940623,0.04695493364120168,255.00000000000006,false,-0.03984367435773423,0.05402318545225534,255.00000000000006,false,-0.03276979166606223,0.061091437263309,254.00000000000006
0.9100000000000006,0.01,0.0,0.0,0.785,-9.739202786356263E-4,9.746961464127462E-4,0.0,0.0,0.0,false,-0.061065322433349487,0.03281843001969411,254.00000000000006,false,-0.05399143974167749,0.03988668183074777,254.00000000000006,false,-0.04691755705000549,0.04695493364180143,254.00000000000006,false,-0.03984367435833349,0.05402318545285509,254.00000000000006,false,-0.032769791666661496,0.06109143726390875,255.00000000000006
0.9200000000000006,0.01,0.0,0.0,0.785,-9.739202790183675E-4,9.746961467957926E-4,0.0,0.0,0.0,false,-0.06106532243382841,0.032818430020173414,254.00000000000006,false,-0.053991439742156415,0.039886681831227074,254.00000000000006,false,-0.046917557050484414,0.04695493364228073,254.00000000000006,false,-0.03984367435881241,0.05402318545333439,254.00000000000006,false,-0.03276979166714042,0.06109143726438805,254.00000000000006
0.9300000000000006,0.01,0.0,0.0,0.785,-9.739202793242445E-4,9.746961471019132E-4,0.0,0.0,0.0,false,-0.06106532243421115,0.03281843002055646,255.00000000000006,false,-0.05399143974253916,0.03988668183161012,254.00000000000006,false,-0.046917557050867156,0.04695493364266378,255.00000000000006,false,-0.039843674359195155,0.05402318545371744,254.00000000000006,false,-0.03276979166752316,0.0610914372647711,254.00000000000006
0.9400000000000006,0.01,0.0,0.0,0.785,-9.739202795686934E-4,9.746961473465567E-4,0.0,0.0,0.0,false,-0.06106532243451703,0.03281843002086258,255.00000000000006,false,-0.05399143974284504,0.03988668183191624,254.00000000000006,false,-0.04691755705117304,0.0469549336429699,255.00000000000006,false,-0.039843674359501036,0.054023185454023556,255.00000000000006,false,-0.03276979166782904,0.061091437265077216,254.00000000000006
0.9500000000000006,0.01,0.0,0.0,0.785,-9.739202797640504E-4,9.746961475420695E-4,0.0,0.0,0.0,false,-0.061065322434761475,0.03281843002110722,254.00000000000006,false,-0.05399143974308948,0.03988668183216088,254.00000000000006,false,-0.04691755705141748,0.04695493364321454,254.00000000000006,false,-0.03984367435974548,0.0540231854542682,254.00000000000006,false,-0.032769791668073485,0.06109143726532186,254.00000000000006
0.9600000000000006,0.01,0.0,0.0,0.785,-9.739202799201747E-4,9.746961476983183E-4,0.0,0.0,0.0,false,-0.06106532243495683,0.03281843002130274,254.00000000000006,false,-0.05399143974328484,0.0398866818323564,254.00000000000006,false,-0.04691755705161284,0.04695493364341006,254.00000000000006,false,-0.03984367435994084,0.05402318545446372,254.00000000000006,false,-0.03276979166826884,0.06109143726551738,255.00000000000006
0.9700000000000006,0.01,0.0,0.0,0.785,-9.739202800449452E-4,9.746961478231882E-4,0.0,0.0,0.0,false,-0.06106532243511296,0.03281843002145898,254.00000000000006,false,-0.053991439743440964,0.03988668183251264,254.00000000000006,false,-0.04691755705176896,0.0469549336435663,254.00000000000006,false,-0.03984367436009696,0.05402318545461996,254.00000000000006,false,-0.03276979166842497,0.06109143726567362,254.00000000000006
0.9800000000000006,0.01,0.0,0.0,0.785,-9.739202801446585E-4,9.74696147922981E-4,0.0,0.0,0.0,false,-0.061065322435237726,0.032818430021583855,255.00000000000006,false,-0.05399143974356574,0.039886681832637515,255.00000000000006,false,-0.04691755705189374,0.046954933643691174,254.00000000000006,false,-0.03984367436022174,0.05402318545474483,255.00000000000006,false,-0.032769791668549736,0.06109143726579849,254.00000000000006
0.9900000000000007,0.01,0.0,0.0,0.785,-9.739202802243468E-4,9.746961480027326E-4,0.0,0.0,0.0,false,-0.061065322435337445,0.03281843002168365,254.00000000000006,false,-0.05399143974366545,0.03988668183273731,254.00000000000006,false,-0.04691755705199345,0.04695493364379097,254.00000000000006,false,-0.03984367436032145,0.05402318545484463,254.00000000000006,false,-0.032769791668649455,0.06109143726589829,254.00000000000006
1.0000000000000007,0.01,0.0,0.0,0.785,-9.739202802880316E-4,9.746961480664682E-4,0.0,0.0,0.0,false,-0.06106532243541713,0.0328184300217634,254.00000000000006,false,-0.05399143974374514,0.03988668183281706,254.00000000000006,false,-0.046917557052073136,0.04695493364387072,254.00000000000006,false,-0.039843674360401135,0.05402318545492438,254.00000000000006,false,-0.03276979166872914,0.06109143726597804,254.00000000000006
1.0100000000000007,0.01,0.0,0.0,0.785,-9.739202803389266E-4,9.746961481174038E-4,0.0,0.0,0.0,false,-0.061065322435480816,0.03281843002182713,254.00000000000006,false,-0.05399143974380882,0.03988668183288079,254.00000000000006,false,-0.04691755705213682,0.04695493364393445,254.00000000000006,false,-0.03984367436046482,0.05402318545498811,254.00000000000006,false,-0.032769791668792826,0.06109143726604177,254.00000000000006
1.0200000000000007,0.01,0.0,0.0,0.785,-9.739202803796007E-4,9.746961481581104E-4,0.0,0.0,0.0,false,-0.06106532243553171,0.03281843002187807,254.00000000000006,false,-0.05399143974385972,0.03988668183293173,254.00000000000006,false,-0.04691755705218772,0.04695493364398539,254.00000000000006,false,-0.03984367436051572,0.05402318545503905,254.00000000000006,false,-0.03276979166884372,0.06109143726609271,255.00000000000006
1.0300000000000007,0.01,0.0,0.0,0.785,-9.739202804121064E-4,9.74696148190642E-4,0.0,0.0,0.0,false,-0.06106532243557238,0.032818430021918775,254.00000000000006,false,-0.05399143974390039,0.039886681832972434,255.00000000000006,false,-0.04691755705222839,0.046954933644026094,254.00000000000006,false,-0.039843674360556386,0.05402318545507975,254.00000000000006,false,-0.03276979166888439,0.06109143726613341,255.00000000000006
1.0400000000000007,0.01,0.0,0.0,0.785,-9.73920280438084E-4,9.746961482166403E-4,0.0,0.0,0.0,false,-0.06106532243560489,0.03281843002195131,255.00000000000006,false,-0.0539914397439329,0.03988668183300497,255.00000000000006,false,-0.046917557052260896,0.04695493364405863,254.00000000000006,false,-0.039843674360588895,0.05402318545511229,254.00000000000006,false,-0.0327697916689169,0.06109143726616595,254.00000000000006
1.0500000000000007,0.01,0.0,0.0,0.785,-9.739202804588446E-4,9.746961482374177E-4,0.0,0.0,0.0,false,-0.06106532243563087,0.032818430021977305,255.00000000000006,false,-0.053991439743958876,0.039886681833030964,254.00000000000006,false,-0.046917557052286875,0.04695493364408462,255.00000000000006,false,-0.039843674360614874,0.05402318545513828,254.00000000000006,false,-0.03276979166894288,0.06109143726619194,254.00000000000006
1.0600000000000007,0.01,0.0,0.0,0.785,-9.73920280475436E-4,9.746961482540224E-4,0.0,0.0,0.0,false,-0.06106532243565163,0.032818430021998087,254.00000000000006,false,-0.05399143974397964,0.039886681833051746,254.00000000000006,false,-0.046917557052307636,0.046954933644105405,254.00000000000006,false,-0.039843674360635635,0.054023185455159065,255.00000000000006,false,-0.03276979166896364,0.061091437266212724,255.00000000000006
1.0700000000000007,0.01,0.0,0.0,0.785,-9.739202804886955E-4,9.746961482672924E-4,0.0,0.0,0.0,false,-0.06106532243566822,0.03281843002201469,255.00000000000006,false,-0.05399143974399623,0.03988668183306835,254.00000000000006,false,-0.04691755705232423,0.04695493364412201,254.00000000000006,false,-0.039843674360652226,0.05402318545517567,254.00000000000006,false,-0.03276979166898023,0.06109143726622933,254.00000000000006
1.0800000000000007,0.01,0.0,0.0,0.785,-9.739202804992922E-4,9.746961482778974E-4,0.0,0.0,0.0,false,-0.06106532243568148,0.03281843002202796,255.00000000000006,false,-0.05399143974400949,0.03988668183308162,254.00000000000006,false,-0.04691755705233749,0.04695493364413528,254.00000000000006,false,-0.039843674360665486,0.054023185455188936,255.00000000000006,false,-0.03276979166899349,0.061091437266242596,254.00000000000006
1.0900000000000007,0.01,0.0,0.0,0.785,-9.739202805077608E-4,9.746961482863728E-4,0.0,0.0,0.0,false,-0.06106532243569208,0.03281843002203856,254.00000000000006,false,-0.053991439744020084,0.03988668183309222,254.00000000000006,false,-0.04691755705234808,0.04695493364414588,255.00000000000006,false,-0.03984367436067608,0.05402318545519954,254.00000000000006,false,-0.03276979166900409,0.0610914372662532,254.00000000000006
1.1000000000000008,0.01,0.0,0.0,0.785,-9.739202805145286E-4,9.74696148293146E-4,0.0,0.0,0.0,false,-0.06106532243570054,0.03281843002204704,254.00000000000006,false,-0.05399143974402855,0.0398866818331007,254.00000000000006,false,-0.04691755705235655,0.04695493364415436,254.00000000000006,false,-0.03984367436068455,0.05402318545520802,254.00000000000006,false,-0.03276979166901255,0.06109143726626168,254.00000000000006
1.1100000000000008,0.01,0.0,0.0,0.785,-9.739202805199374E-4,9.74696148298559E-4,0.0,0.0,0.0,false,-0.061065322435707316,0.03281843002205381,254.00000000000006,false,-0.05399143974403532,0.03988668183310747,254.00000000000006,false,-0.04691755705236332,0.04695493364416113,254.00000000000006,false,-0.03984367436069132,0.05402318545521479,254.00000000000006,false,-0.032769791669019326,0.06109143726626845,255.00000000000006
1.1200000000000008,0.01,0.0,0.0,0.785,-9.739202805242599E-4,9.74696148302885E-4,0.0,0.0,0.0,false,-0.06106532243571272,0.032818430022059225,254.00000000000006,false,-0.05399143974404073,0.039886681833112884,254.00000000000006,false,-0.046917557052368726,0.046954933644166544,254.00000000000006,false,-0.039843674360696725,0.0540231854552202,254.00000000000006,false,-0.03276979166902473,0.06109143726627386,255.00000000000006
1.1300000000000008,0.01,0.0,0.0,0.785,-9.739202805277142E-4,9.746961483063423E-4,0.0,0.0,0.0,false,-0.061065322435717044,0.032818430022063555,254.00000000000006,false,-0.05399143974404505,0.039886681833117214,254.00000000000006,false,-0.04691755705237305,0.046954933644170874,254.00000000000006,false,-0.03984367436070105,0.05402318545522453,254.00000000000006,false,-0.032769791669029054,0.06109143726627819,254.00000000000006
1.1400000000000008,0.01,0.0,0.0,0.785,-9.739202805304749E-4,9.746961483091053E-4,0.0,0.0,0.0,false,-0.0610653224357205,0.03281843002206701,254.00000000000006,false,-0.053991439744048506,0.03988668183312067,255.00000000000006,false,-0.046917557052376505,0.04695493364417433,254.00000000000006,false,-0.039843674360704504,0.05402318545522799,255.00000000000006,false,-0.03276979166903251,0.06109143726628165,255.00000000000006
1.1500000000000008,0.01,0.0,0.0,0.785,-9.739202805326812E-4,9.746961483113133E-4,0.0,0.0,0.0,false,-0.06106532243572326,0.03281843002206977,254.00000000000006,false,-0.05399143974405127,0.03988668183312343,254.00000000000006,false,-0.046917557052379266,0.04695493364417709,255.00000000000006,false,-0.039843674360707265,0.05402318545523075,254.00000000000006,false,-0.03276979166903527,0.06109143726628441,254.00000000000006
1.1600000000000008,0.01,0.0,0.0,0.785,-9.739202805344441E-4,9.746961483130779E-4,0.0,0.0,0.0,false,-0.06106532243572547,0.03281843002207198,254.00000000000006,false,-0.053991439744053474,0.03988668183312564,255.00000000000006,false,-0.04691755705238147,0.0469549336441793,255.00000000000006,false,-0.03984367436070947,0.05402318545523296,255.00000000000006,false,-0.03276979166903748,0.061091437266286616,254.00000000000006
1.1700000000000008,0.01,0.0,0.0,0.785,-9.739202805358533E-4,9.746961483144881E-4,0.0,0.0,0.0,false,-0.06106532243572723,0.03281843002207375,254.00000000000006,false,-0.053991439744055236,0.03988668183312741,254.00000000000006,false,-0.046917557052383235,0.04695493364418107,254.00000000000006,false,-0.039843674360711234,0.054023185455234726,254.00000000000006,false,-0.03276979166903924,0.061091437266288386,254.00000000000006
1.1800000000000008,0.01,0.0,0.0,0.785,-9.739202805369794E-4,9.746961483156152E-4,0.0,0.0,0.0,false,-0.06106532243572864,0.03281843002207516,254.00000000000006,false,-0.053991439744056645,0.039886681833128816,254.00000000000006,false,-0.046917557052384644,0.046954933644182476,254.00000000000006,false,-0.03984367436071264,0.054023185455236135,255.00000000000006,false,-0.03276979166904065,0.061091437266289794,254.00000000000006
1.1900000000000008,0.01,0.0,0.0,0.785,-9.739202805378794E-4,9.746961483165158E-4,0.0,0.0,0.0,false,-0.06106532243572976,0.03281843002207628,254.00000000000006,false,-0.05399143974405777,0.03988668183312994,254.00000000000006,false,-0.04691755705238577,0.0469549336441836,254.00000000000006,false,-0.03984367436071377,0.05402318545523726,254.00000000000006,false,-0.03276979166904177,0.06109143726629092,254.00000000000006
1.2000000000000008,0.01,0.0,0.0,0.785,-9.739202805385985E-4,9.746961483172357E-4,0.0,0.0,0.0,false,-0.061065322435730665,0.03281843002207718,255.00000000000006,false,-0.05399143974405867,0.03988668183313084,254.00000000000006,false,-0.04691755705238667,0.0469549336441845,254.00000000000006,false,-0.03984367436071467,0.05402318545523816,254.00000000000006,false,-0.032769791669042675,0.06109143726629182,254.00000000000006
1.2100000000000009,0.01,0.0,0.0,0.785,-9.739202805391732E-4,9.746961483178112E-4,0.0,0.0,0.0,false,-0.06106532243573138,0.032818430022077905,254.00000000000006,false,-0.053991439744059386,0.039886681833131564,254.00000000000006,false,-0.046917557052387385,0.04695493364418522,254.00000000000006,false,-0.039843674360715384,0.05402318545523888,254.00000000000006,false,-0.03276979166904339,0.06109143726629254,254.00000000000006
1.2200000000000009,0.01,0.0,0.0,0.785,-9.739202805396326E-4,9.74696148318271E-4,0.0,0.0,0.0,false,-0.061065322435731956,0.03281843002207848,254.00000000000006,false,-0.05399143974405996,0.03988668183313214,254.00000000000006,false,-0.04691755705238796,0.0469549336441858,255.00000000000006,false,-0.03984367436071596,0.05402318545523946,254.00000000000006,false,-0.032769791669043966,0.06109143726629312,255.00000000000006
1.2300000000000009,0.01,0.0,0.0,0.785,-9.739202805399995E-4,9.746961483186386E-4,0.0,0.0,0.0,false,-0.061065322435732414,0.03281843002207894,254.00000000000006,false,-0.05399143974406042,0.0398866818331326,254.00000000000006,false,-0.04691755705238842,0.04695493364418626,254.00000000000006,false,-0.03984367436071642,0.05402318545523992,255.00000000000006,false,-0.032769791669044424,0.061091437266293576,254.00000000000006
1.2400000000000009,0.01,0.0,0.0,0.785,-9.739202805402929E-4,9.74696148318932E-4,0.0,0.0,0.0,false,-0.06106532243573278,0.032818430022079306,255.00000000000006,false,-0.05399143974406079,0.039886681833132966,255.00000000000006,false,-0.046917557052388786,0.046954933644186625,254.00000000000006,false,-0.039843674360716785,0.054023185455240284,254.00000000000006,false,-0.03276979166904479,0.061091437266293944,254.00000000000006
1.2500000000000009,0.01,0.0,0.0,0.785,-9.739202805405273E-4,9.746961483191667E-4,0.0,0.0,0.0,false,-0.06106532243573308,0.0328184300220796,254.00000000000006,false,-0.053991439744061086,0.03988668183313326,254.00000000000006,false,-0.046917557052389085,0.046954933644186916,254.00000000000006,false,-0.039843674360717084,0.054023185455240576,255.00000000000006,false,-0.03276979166904509,0.061091437266294235,254.00000000000006
1.260000000000001,0.01,0.0,0.0,0.785,-9.739202805407147E-4,9.746961483193545E-4,0.0,0.0,0.0,false,-0.06106532243573331,0.032818430022079834,254.00000000000006,false,-0.053991439744061315,0.03988668183313349,254.00000000000006,false,-0.046917557052389314,0.04695493364418715,254.00000000000006,false,-0.03984367436071731,0.05402318545524081,254.00000000000006,false,-0.03276979166904532,0.06109143726629447,254.00000000000006
1.270000000000001,0.01,0.0,0.0,0.785,-9.739202805408643E-4,9.746961483195043E-4,0.0,0.0,0.0,false,-0.061065322435733496,0.03281843002208002,254.00000000000006,false,-0.0539914397440615,0.03988668183313368,254.00000000000006,false,-0.0469175570523895,0.04695493364418734,255.00000000000006,false,-0.0398436743607175,0.054023185455241,254.00000000000006,false,-0.032769791669045506,0.06109143726629466,254.00000000000006
1.280000000000001,0.01,0.0,0.0,0.785,-9.73920280540984E-4,9.746961483196241E-4,0.0,0.0,0.0,false,-0.06106532243573365,0.032818430022080174,254.00000000000006,false,-0.053991439744061655,0.03988668183313383,254.00000000000006,false,-0.046917557052389654,0.04695493364418749,255.00000000000006,false,-0.03984367436071765,0.05402318545524115,255.00000000000006,false,-0.03276979166904566,0.06109143726629481,254.00000000000006
1.290000000000001,0.01,0.0,0.0,0.785,-9.739202805410795E-4,9.746961483197196E-4,0.0,0.0,0.0,false,-0.06106532243573377,0.03281843002208029,254.00000000000006,false,-0.05399143974406177,0.03988668183313395,254.00000000000006,false,-0.04691755705238977,0.04695493364418761,254.00000000000006,false,-0.03984367436071777,0.05402318545524127,254.00000000000006,false,-0.03276979166904578,0.06109143726629493,254.00000000000006
1.300000000000001,0.01,0.0,0.0,0.785,-9.73920280541156E-4,9.746961483197962E-4,0.0,0.0,0.0,false,-0.061065322435733864,0.03281843002208039,255.00000000000006,false,-0.05399143974406187,0.03988668183313405,254.00000000000006,false,-0.04691755705238987,0.04695493364418771,254.00000000000006,false,-0.03984367436071787,0.05402318545524137,254.00000000000006,false,-0.032769791669045874,0.061091437266295026,254.00000000000006
1.310000000000001,0.01,0.0,0.0,0.785,-9.739202805412171E-4,9.746961483198573E-4,0.0,0.0,0.0,false,-0.06106532243573394,0.032818430022080465,254.00000000000006,false,-0.053991439744061946,0.039886681833134124,255.00000000000006,false,-0.046917557052389945,0.046954933644187784,255.00000000000006,false,-0.039843674360717944,0.05402318545524144,254.00000000000006,false,-0.03276979166904595,0.0610914372662951,255.00000000000006
1.320000000000001,0.01,0.0,0.0,0.785,-9.739202805412659E-4,9.746961483199063E-4,0.0,0.0,0.0,false,-0.061065322435734,0.03281843002208053,254.00000000000006,false,-0.05399143974406201,0.03988668183313419,255.00000000000006,false,-0.04691755705239001,0.046954933644187846,254.00000000000006,false,-0.03984367436071801,0.054023185455241506,254.00000000000006,false,-0.03276979166904601,0.061091437266295165,255.00000000000006
1.330000000000001,0.01,0.0,0.0,0.785,-9.739202805413049E-4,9.746961483199453E-4,0.0,0.0,0.0,false,-0.06106532243573405,0.032818430022080576,254.00000000000006,false,-0.05399143974406206,0.039886681833134235,254.00000000000006,false,-0.046917557052390056,0.046954933644187895,254.00000000000006,false,-0.039843674360718055,0.054023185455241554,254.00000000000006,false,-0.03276979166904606,0.061091437266295213,255.00000000000006
1.340000000000001,0.01,0.0,0.0,0.785,-9.739202805413361E-4,9.746961483199766E-4,0.0,0.0,0.0,false,-0.061065322435734086,0.03281843002208061,254.00000000000006,false,-0.05399143974406209,0.03988668183313427,254.00000000000006,false,-0.04691755705239009,0.04695493364418793,254.00000000000006,false,-0.03984367436071809,0.05402318545524159,254.00000000000006,false,-0.032769791669046096,0.06109143726629525,255.00000000000006
1.350000000000001,0.01,0.0,0.0,0.785,-9.739202805413611E-4,9.746961483200015E-4,0.0,0.0,0.0,false,-0.06106532243573412,0.032818430022080645,255.00000000000006,false,-0.05399143974406213,0.039886681833134305,255.00000000000006,false,-0.046917557052390126,0.046954933644187964,254.00000000000006,false,-0.039843674360718125,0.054023185455241624,254.00000000000006,false,-0.03276979166904613,0.06109143726629528,254.00000000000006
1.360000000000001,0.01,0.0,0.0,0.785,-9.73920280541381E-4,9.746961483200215E-4,0.0,0.0,0.0,false,-0.06106532243573415,0.032818430022080666,255.00000000000006,false,-0.053991439744062154,0.039886681833134326,254.00000000000006,false,-0.04691755705239015,0.046954933644187985,254.00000000000006,false,-0.03984367436071815,0.054023185455241644,254.00000000000006,false,-0.03276979166904616,0.061091437266295304,254.00000000000006
1.370000000000001,0.01,0.0,0.0,0.785,-9.739202805413968E-4,9.746961483200374E-4,0.0,0.0,0.0,false,-0.06106532243573416,0.03281843002208069,254.00000000000006,false,-0.05399143974406217,0.039886681833134346,255.00000000000006,false,-0.04691755705239017,0.046954933644188006,254.00000000000006,false,-0.039843674360718166,0.054023185455241665,255.00000000000006,false,-0.03276979166904617,0.061091437266295325,254.00000000000006
1.380000000000001,0.01,0.0,0.0,0.785,-9.739202805414096E-4,9.746961483200502E-4,0.0,0.0,0.0,false,-0.06106532243573418,0.03281843002208071,254.00000000000006,false,-0.05399143974406219,0.03988668183313436,254.00000000000006,false,-0.04691755705239019,0.04695493364418803,255.00000000000006,false,-0.03984367436071819,0.05402318545524168,255.00000000000006,false,-0.03276979166904619,0.061091437266295345,255.00000000000006
1.390000000000001,0.01,0.0,0.0,0.785,-9.739202805414197E-4,9.746961483200603E-4,0.0,0.0,0.0,false,-0.0610653224357342,0.032818430022080715,254.00000000000006,false,-0.0539914397440622,0.039886681833134374,254.00000000000006,false,-0.0469175570523902,0.046954933644188034,254.00000000000006,false,-0.0398436743607182,0.05402318545524169,254.00000000000006,false,-0.03276979166904621,0.06109143726629535,254.00000000000006
1.400000000000001,0.01,0.0,0.0,0.785,-9.739202805414278E-4,9.746961483200684E-4,0.0,0.0,0.0,false,-0.061065322435734204,0.03281843002208073,254.00000000000006,false,-0.05399143974406221,0.03988668183313439,254.00000000000006,false,-0.04691755705239021,0.04695493364418805,254.00000000000006,false,-0.03984367436071821,0.05402318545524171,255.00000000000006,false,-0.032769791669046214,0.061091437266295366,255.00000000000006
1.410000000000001,0.01,0.0,0.0,0.785,-9.739202805414343E-4,9.746961483200749E-4,0.0,0.0,0.0,false,-0.06106532243573421,0.032818430022080736,254.00000000000006,false,-0.05399143974406222,0.039886681833134395,255.00000000000006,false,-0.046917557052390216,0.046954933644188054,254.00000000000006,false,-0.039843674360718215,0.054023185455241714,254.00000000000006,false,-0.03276979166904622,0.06109143726629537,254.00000000000006
1.420000000000001,0.01,0.0,0.0,0.785,-9.739202805414396E-4,9.746961483200801E-4,0.0,0.0,0.0,false,-0.06106532243573422,0.03281843002208074,255.00000000000006,false,-0.053991439744062224,0.0398866818331344,254.00000000000006,false,-0.04691755705239022,0.04695493364418806,254.00000000000006,false,-0.03984367436071822,0.05402318545524172,254.00000000000006,false,-0.03276979166904623,0.06109143726629538,254.00000000000006
1.430000000000001,0.01,0.0,0.0,0.785,-9.739202805414438E-4,9.746961483200843E-4,0.0,0.0,0.0,false,-0.061065322435734225,0.03281843002208075,255.00000000000006,false,-0.05399143974406223,0.03988668183313441,254.00000000000006,false,-0.04691755705239023,0.04695493364418807,254.00000000000006,false,-0.03984367436071823,0.05402318545524173,254.00000000000006,false,-0.032769791669046235,0.06109143726629539,255.00000000000006
1.440000000000001,0.01,0.0,0.0,0.785,-9.73920280541447E-4,9.746961483200876E-4,0.0,0.0,0.0,false,-0.061065322435734225,0.03281843002208075,254.00000000000006,false,-0.05399143974406223,0.03988668183313441,254.00000000000006,false,-0.04691755705239023,0.04695493364418807,255.00000000000006,false,-0.03984367436071823,0.05402318545524173,255.00000000000006,false,-0.032769791669046235,0.06109143726629539,254.00000000000006
1.450000000000001,0.01,0.0,0.0,0.785,-9.739202805414496E-4,9.746961483200902E-4,0.0,0.0,0.0,false,-0.06106532243573423,0.032818430022080756,254.00000000000006,false,-0.05399143974406224,0.039886681833134416,254.00000000000006,false,-0.04691755705239024,0.046954933644188075,255.00000000000006,false,-0.039843674360718236,0.054023185455241735,255.00000000000006,false,-0.03276979166904624,0.061091437266295394,254.00000000000006
1.460000000000001,0.01,0.0,0.0,0.785,-9.739202805414518E-4,9.746961483200924E-4,0.0,0.0,0.0,false,-0.06106532243573423,0.032818430022080756,255.00000000000006,false,-0.05399143974406224,0.039886681833134416,254.00000000000006,false,-0.04691755705239024,0.046954933644188075,254.00000000000006,false,-0.039843674360718236,0.054023185455241735,254.00000000000006,false,-0.03276979166904624,0.061091437266295394,254.00000000000006
1.470000000000001,0.01,0.0,0.0,0.785,-9.739202805414536E-4,9.746961483200942E-4,0.0,0.0,0.0,false,-0.06106532243573424,0.032818430022080756,254.00000000000006,false,-0.053991439744062245,0.039886681833134416,254.00000000000006,false,-0.046917557052390244,0.046954933644188075,255.00000000000006,false,-0.03984367436071824,0.054023185455241735,254.00000000000006,false,-0.03276979166904625,0.061091437266295394,254.00000000000006
1.480000000000001,0.01,0.0,0.0,0.785,-9.739202805414547E-4,9.746961483200953E-4,0.0,0.0,0.0,false,-0.06106532243573424,0.03281843002208076,254.00000000000006,false,-0.053991439744062245,0.03988668183313442,254.00000000000006,false,-0.046917557052390244,0.04695493364418808,255.00000000000006,false,-0.03984367436071824,0.05402318545524174,255.00000000000006,false,-0.03276979166904625,0.0610914372662954,254.00000000000006
1.490000000000001,0.01,0.0,0.0,0.785,-9.739202805414558E-4,9.746961483200964E-4,0.0,0.0,0.0,false,-0.06106532243573424,0.03281843002208076,255.00000000000006,false,-0.053991439744062245,0.03988668183313442,255.00000000000006,false,-0.046917557052390244,0.04695493364418808,254.00000000000006,false,-0.03984367436071824,0.05402318545524174,254.00000000000006,false,-0.03276979166904625,0.0610914372662954,255.00000000000006
1.500000000000001,0.01,0.0,0.0,0.785,-9.739202805414569E-4,9.746961483200975E-4,0.0,0.0,0.0,false,-0.06106532243573424,0.03281843002208076,255.00000000000006,false,-0.053991439744062245,0.03988668183313442,254.00000000000006,false,-0.046917557052390244,0.04695493364418808,254.00000000000006,false,-0.03984367436071824,0.05402318545524174,254.00000000000006,false,-0.03276979166904625,0.0610914372662954,254.00000000000006
1.5100000000000011,0.01,0.0,0.0,0.785,-9.73920280541458E-4,9.746961483200985E-4,0.0,0.0,0.0,false,-0.06106532243573424,0.03281843002208076,254.00000000000006,false,-0.053991439744062245,0.03988668183313442,254.00000000000006,false,-0.046917557052390244,0.04695493364418808,254.00000000000006,false,-0.03984367436071824,0.05402318545524174,255.00000000000006,false,-0.03276979166904625,0.0610914372662954,254.00000000000006
1.5200000000000011,0.01,0.0,0.0,0.785,-9.739202805414586E-4,9.746961483200992E-4,0.0,0.0,0.0,false,-0.061065322435734246,0.03281843002208076,254.00000000000006,false,-0.05399143974406225,0.03988668183313442,254.00000000000006,false,-0.04691755705239025,0.04695493364418808,254.00000000000006,false,-0.03984367436071825,0.05402318545524174,254.00000000000006,false,-0.032769791669046255,0.0610914372662954,254.00000000000006
1.5300000000000011,0.01,0.0,0.0,0.785,-9.739202805414586E-4,9.746961483200992E-4,0.0,0.0,0.0,false,-0.061065322435734246,0.03281843002208076,254.00000000000006,false,-0.05399143974406225,0.03988668183313442,254.00000000000006,false,-0.04691755705239025,0.04695493364418808,254.00000000000006,false,-0.03984367436071825,0.05402318545524174,255.00000000000006,false,-0.032769791669046255,0.0610914372662954,255.00000000000006
1.5400000000000011,0.01,0.0,0.0,0.785,-9.739202805414586E-4,9.746961483200992E-4,0.0,0.0,0.0,false,-0.061065322435734246,0.03281843002208076,254.00000000000006,false,-0.05399143974406225,0.03988668183313442,254.00000000000006,false,-0.04691755705239025,0.04695493364418808,254.00000000000006,false,-0.03984367436071825,0.05402318545524174,254.00000000000006,false,-0.032769791669046255,0.0610914372662954,254.00000000000006
1.5500000000000012,0.01,0.0,0.0,0.785,-9.739202805414586E-4,9.746961483200992E-4,0.0,0.0,0.0,false,-0.061065322435734246,0.03281843002208076,254.00000000000006,false,-0.05399143974406225,0.03988668183313442,254.00000000000006,false,-0.04691755705239025,0.04695493364418808,255.00000000000006,false,-0.03984367436071825,0.05402318545524174,254.00000000000006,false,-0.032769791669046255,0.0610914372662954,254.00000000000006
