{"fmus":{"{body}":"file:///H:/Documents/CSC3322_RealTimeCyber/Coursework/CSC3322RealTime/INTO-CPSModels/linemeasurer/FMUs/Body.fmu","{sensor}":"file:///H:/Documents/CSC3322_RealTimeCyber/Coursework/CSC3322RealTime/INTO-CPSModels/linemeasurer/FMUs/Sensor_Block.fmu","{controller}":"file:///H:/Documents/CSC3322_RealTimeCyber/Coursework/CSC3322RealTime/INTO-CPSModels/linemeasurer/FMUs/LMControllerFMU.fmu","{3d}":"file:///H:/Documents/CSC3322_RealTimeCyber/Coursework/CSC3322RealTime/INTO-CPSModels/linemeasurer/FMUs/3DAnimationFMU.fmu"},"connections":{"{body}.body.encoder_left_output":["{controller}.controller.encoder_left"],"{body}.body.encoder_right_output":["{controller}.controller.encoder_right"],"{body}.body.robot_theta":["{sensor}.sensor1.robot_theta","{sensor}.sensor2.robot_theta","{sensor}.sensor3.robot_theta","{sensor}.sensor4.robot_theta","{sensor}.sensor5.robot_theta","{3d}.3d.robot_theta"],"{body}.body.robot_x":["{sensor}.sensor1.robot_x","{sensor}.sensor2.robot_x","{sensor}.sensor3.robot_x","{sensor}.sensor4.robot_x","{sensor}.sensor5.robot_x","{3d}.3d.robot_x"],"{body}.body.robot_y":["{sensor}.sensor1.robot_y","{sensor}.sensor2.robot_y","{sensor}.sensor3.robot_y","{sensor}.sensor4.robot_y","{sensor}.sensor5.robot_y","{3d}.3d.robot_y"],"{body}.body.robot_z":["{sensor}.sensor1.robot_z","{sensor}.sensor2.robot_z","{sensor}.sensor3.robot_z","{sensor}.sensor4.robot_z","{sensor}.sensor5.robot_z"],"{controller}.controller.servoLeftVal":["{body}.body.servo_left_input"],"{controller}.controller.servoRightVal":["{body}.body.servo_right_input"],"{sensor}.sensor1.lf_1_sensor_fail_flag":["{controller}.controller.lf1FailFlag"],"{sensor}.sensor1.lf_1_sensor_reading":["{controller}.controller.lf1","{3d}.3d.lf_1reading"],"{sensor}.sensor1.lf_1_sensor_position_y":["{3d}.3d.lf1_y"],"{sensor}.sensor1.lf_1_sensor_position_x":["{3d}.3d.lf1_x"],"{sensor}.sensor2.lf_1_sensor_fail_flag":["{controller}.controller.lf2FailFlag"],"{sensor}.sensor2.lf_1_sensor_reading":["{controller}.controller.lf2","{3d}.3d.lf_2reading"],"{sensor}.sensor2.lf_1_sensor_position_x":["{3d}.3d.lf2_x"],"{sensor}.sensor2.lf_1_sensor_position_y":["{3d}.3d.lf2_y"],"{sensor}.sensor3.lf_1_sensor_fail_flag":["{controller}.controller.lf3FailFlag"],"{sensor}.sensor3.lf_1_sensor_reading":["{controller}.controller.lf3","{3d}.3d.lf_3reading"],"{sensor}.sensor3.lf_1_sensor_position_y":["{3d}.3d.lf3_y"],"{sensor}.sensor3.lf_1_sensor_position_x":["{3d}.3d.lf3_x"],"{sensor}.sensor4.lf_1_sensor_fail_flag":["{controller}.controller.lf4FailFlag"],"{sensor}.sensor4.lf_1_sensor_reading":["{controller}.controller.lf4","{3d}.3d.lf_4reading"],"{sensor}.sensor4.lf_1_sensor_position_x":["{3d}.3d.lf4_x"],"{sensor}.sensor4.lf_1_sensor_position_y":["{3d}.3d.lf4_y"],"{sensor}.sensor5.lf_1_sensor_fail_flag":["{controller}.controller.lf5FailFlag"],"{sensor}.sensor5.lf_1_sensor_reading":["{controller}.controller.lf5","{3d}.3d.lf_5reading"],"{sensor}.sensor5.lf_1_sensor_position_x":["{3d}.3d.lf5_x"],"{sensor}.sensor5.lf_1_sensor_position_y":["{3d}.3d.lf5_y"]},"parameters":{"{body}.body.initial_position[2]":0.785,"{body}.body.initial_position[0]":0,"{body}.body.initial_position[1]":0,"{sensor}.sensor1.lf_position_x":-0.01,"{sensor}.sensor1.lf_position_y":0.065,"{sensor}.sensor2.lf_position_x":0.01,"{sensor}.sensor2.lf_position_y":0.065,"{sensor}.sensor3.lf_position_x":0,"{sensor}.sensor3.lf_position_y":0.065,"{sensor}.sensor4.lf_position_x":0.01,"{sensor}.sensor4.lf_position_y":0.065,"{sensor}.sensor5.lf_position_x":0.02,"{sensor}.sensor5.lf_position_y":0.065},"liveGraphColumns":1,"liveGraphVisibleRowCount":2,"logVariables":{},"loggingOn":true,"algorithm":{"type":"var-step","initsize":0.01,"size":[0.01,0.2],"constraints":{}},"parallelSimulation":false,"stabalizationEnabled":false,"global_absolute_tolerance":0,"global_relative_tolerance":0.01,"simulationProgramDelay":false,"livestream":{"{sensor}.sensor1":["lf_1_sensor_reading"],"{sensor}.sensor2":["lf_1_sensor_reading"],"{sensor}.sensor3":["lf_1_sensor_reading"],"{sensor}.sensor4":["lf_1_sensor_reading"],"{sensor}.sensor5":["lf_1_sensor_reading"],"{body}.body":["encoder_left_output","encoder_right_output"]}}